PSHTML,Name,CounteredBy
,Abbadon,Luna
,Abbadon,Axe
,Abbadon,Slardar
,Abbadon,Ogre Magi
,Abbadon,Lion
,Abbadon,Omniknight
,Abbadon,Doom
,Abbadon,Ogre Magi
,Abbadon,Troll Warlord
,Abbadon,Broodmother
,Alchemist,Clinkz
,Alchemist,Dark Seer
,Alchemist,Beastmaster
,Alchemist,Magnus
,Alchemist,Morphling
,Alchemist,Venomancer
,Alchemist,Lone Druid
,Alchemist,Tiny
,Alchemist,Slardar
,Alchemist,Morphling
,Ancient Apparition,Anti-Mage
,Ancient Apparition,Dragon Knight
,Ancient Apparition,Venomancer
,Ancient Apparition,Keeper of the Light
,Ancient Apparition,Vengeful Spirit
,Ancient Apparition,Treant Protector
,Ancient Apparition,Shadow Shaman
,Ancient Apparition,Warlock
,Ancient Apparition,Night Stalker
,Ancient Apparition,Timbersaw
,Anti-Mage,Dark Seer
,Anti-Mage,Enigma
,Anti-Mage,Shadow Demon
,Anti-Mage,Faceless Void
,Anti-Mage,Timbersaw
,Anti-Mage,Magnus
,Anti-Mage,Visage
,Anti-Mage,Luna
,Anti-Mage,Lone Druid
,Anti-Mage,Phantom Lancer
,Axe,Necrolyte
,Axe,Visage
,Axe,Lifestealer
,Axe,Morphling
,Axe,Sven
,Axe,Invoker
,Axe,Vengeful Spirit
,Axe,Huskar
,Axe,Shadow Demon
,Axe,Earth Spirit
,Bane Elemental,Necrolyte
,Bane Elemental,Lina
,Bane Elemental,Invoker
,Bane Elemental,Enchantress
,Bane Elemental,Earthshaker
,Bane Elemental,Mirana
,Bane Elemental,Sniper
,Bane Elemental,Huskar
,Bane Elemental,Skywrath Mage
,Bane Elemental,Venomancer
,Batrider,Disruptor
,Batrider,Rubick
,Batrider,Death Prophet
,Batrider,Puck
,Batrider,Dark Seer
,Batrider,Timbersaw
,Batrider,Bristleback
,Batrider,Lone Druid
,Batrider,Huskar
,Batrider,Death Prophet
,Beastmaster,Death Prophet
,Beastmaster,Tiny
,Beastmaster,Slark
,Beastmaster,Lone Druid
,Beastmaster,Enchantress
,Beastmaster,Alchemist
,Beastmaster,Lina
,Beastmaster,Earthshaker
,Beastmaster,Tusk
,Beastmaster,Weaver
,Bloodseeker,Lone Druid
,Bloodseeker,Spectre
,Bloodseeker,Clinkz
,Bloodseeker,Shadow Fiend
,Bloodseeker,Lone Druid
,Bloodseeker,Ogre Magi
,Bloodseeker,Enchantress
,Bloodseeker,Chaos Knight
,Bloodseeker,Doom Bringer
,Bloodseeker,Visage
,Bounty Hunter,Slardar
,Bounty Hunter,Rubick
,Bounty Hunter,Enchantress
,Bounty Hunter,Invoker
,Bounty Hunter,Lifestealer
,Bounty Hunter,Death Prophet
,Bounty Hunter,Legion Commander
,Bounty Hunter,Alchemist
,Bounty Hunter,Lich
,Bounty Hunter,Shadow Fiend
,Brewmaster,Beastmaster
,Brewmaster,Rubick
,Brewmaster,Lion
,Brewmaster,Death Prophet
,Brewmaster,Invoker
,Brewmaster,Alchemist
,Brewmaster,Axe
,Brewmaster,Lifestealer
,Brewmaster,Necrolyte
,Brewmaster,Death Prophet
,Bristleback,Legion Commander
,Bristleback,Death Prophet
,Bristleback,Storm Spirit
,Bristleback,Sand King
,Bristleback,Puck
,Bristleback,Kunkka
,Bristleback,Enigma
,Bristleback,Lycanthrope
,Bristleback,Slark
,Bristleback,Shadow Shaman
,Broodmother,Axe
,Broodmother,Sand King
,Broodmother,Alchemist
,Broodmother,Shadow Demon
,Broodmother,Bloodseeker
,Broodmother,Troll Warlord
,Broodmother,Death Prophet
,Broodmother,Invoker
,Broodmother,Tusk
,Broodmother,Clinkz
,Centaur Warrunner,Venomancer
,Centaur Warrunner,Lifestealer
,Centaur Warrunner,Kunkka
,Centaur Warrunner,Lina
,Centaur Warrunner,Timbersaw
,Centaur Warrunner,Lone Druid
,Centaur Warrunner,Spirit Breaker
,Centaur Warrunner,Tiny
,Centaur Warrunner,Morphling
,Centaur Warrunner,Bloodseeker
,Chaos Knight,Necrolyte
,Chaos Knight,Lifestealer
,Chaos Knight,Lone Druid
,Chaos Knight,Slark
,Chaos Knight,Beastmaster
,Chaos Knight,Rubick
,Chaos Knight,Tusk
,Chaos Knight,Troll Warlord
,Chaos Knight,Medusa
,Chaos Knight,Tusk
,Chen,Ancient Apparition
,Chen,Spirit Breaker
,Chen,Doom Bringer
,Chen,Timbersaw
,Chen,Disruptor
,Chen,Troll Warlord
,Chen,Pudge
,Chen,Lifestealer
,Chen,Bloodseeker
,Chen,Chaos Knight
,Clinkz,Queen of Pain
,Clinkz,Spirit Breaker
,Clinkz,Invoker
,Clinkz,Tusk
,Clinkz,Necrolyte
,Clinkz,Doom Bringer
,Clinkz,Disruptor
,Clinkz,Dark Seer
,Clinkz,Lifestealer
,Clinkz,Death Prophet
,Clockwerk,Clinkz
,Clockwerk,Shadow Fiend
,Clockwerk,Viper
,Clockwerk,Bane Elemental
,Clockwerk,Troll Warlord
,Clockwerk,Nyx Assassin
,Clockwerk,Bounty Hunter
,Clockwerk,Lifestealer
,Clockwerk,Bloodseeker
,Clockwerk,Lich
,Crystal Maiden,Ogre Magi
,Crystal Maiden,Brewmaster
,Crystal Maiden,Clockwerk
,Crystal Maiden,Viper
,Crystal Maiden,Lifestealer
,Crystal Maiden,Queen of Pain
,Crystal Maiden,Zeus
,Crystal Maiden,Dazzle
,Crystal Maiden,Disruptor
,Crystal Maiden,Lifestealer
,Dark Seer,Necrolyte
,Dark Seer,Lifestealer
,Dark Seer,Doom Bringer
,Dark Seer,Tusk
,Dark Seer,Bloodseeker
,Dark Seer,Zeus
,Dark Seer,Zeus
,Dark Seer,Troll Warlord
,Dark Seer,Batrider
,Dark Seer,Tidehunter
,Dazzle,Viper
,Dazzle,Brewmaster
,Dazzle,Tidehunter
,Dazzle,Lycanthrope
,Dazzle,Generic
,Dazzle,Omniknight
,Dazzle,Lich
,Dazzle,Lifestealer
,Dazzle,Zeus
,Dazzle,Viper
,Death Prophet,Invoker
,Death Prophet,Anti-Mage
,Death Prophet,Alchemist
,Death Prophet,Omniknight
,Death Prophet,Earthshaker
,Death Prophet,Rubick
,Death Prophet,Tidehunter
,Death Prophet,Troll Warlord
,Death Prophet,Enigma
,Death Prophet,Bloodseeker
,Disruptor,Treant Protector
,Disruptor,Omniknight
,Disruptor,Necrolyte
,Disruptor,Clinkz
,Disruptor,Chen
,Disruptor,Troll Warlord
,Disruptor,Tusk
,Disruptor,Clockwerk
,Disruptor,Tidehunter
,Disruptor,Lifestealer
,Doom,Omniknight
,Doom,Slardar
,Doom,Clinkz
,Doom,Lina
,Doom,Rubick
,Doom,Death Prophet
,Doom,Omniknight
,Doom,Treant Protector
,Doom,Clinkz
,Doom,Treant Protector
,Dragon Knight,Lifestealer
,Dragon Knight,Enigma
,Dragon Knight,Dark Seer
,Dragon Knight,Keeper of the Light
,Dragon Knight,Treant Protector
,Dragon Knight,Clockwerk
,Dragon Knight,Crystal Maiden
,Dragon Knight,Elder Titan
,Dragon Knight,Treant Protector
,Dragon Knight,Tiny
,Drow Ranger,Nyx Assassin
,Drow Ranger,Keeper of the Light
,Drow Ranger,Tidehunter
,Drow Ranger,Bloodseeker
,Drow Ranger,Broodmother
,Drow Ranger,Crystal Maiden
,Drow Ranger,Omniknight
,Drow Ranger,Elder Titan
,Drow Ranger,Gyrocopter
,Drow Ranger,Clinkz
,Earth Spirit,Pugna
,Earth Spirit,Huskar
,Earth Spirit,Omniknight
,Earth Spirit,Abbadon
,Earth Spirit,Disruptor
,Earth Spirit,Rubick
,Earth Spirit,Gyrocopter
,Earth Spirit,Gyrocopter
,Earth Spirit,Chaos Knight
,Earth Spirit,Dazzle
,Earthshaker,Zeus
,Earthshaker,Keeper of the Light
,Earthshaker,Axe
,Earthshaker,Beastmaster
,Earthshaker,Beastmaster
,Earthshaker,Brewmaster
,Earthshaker,Drow Ranger
,Earthshaker,Enigma
,Earthshaker,Tidehunter
,Earthshaker,Omniknight
,Elder Titan,Death Prophet
,Elder Titan,Puck
,Elder Titan,Vengeful Spirit
,Elder Titan,Lion
,Elder Titan,Templar Assassin
,Elder Titan,Lycanthrope
,Elder Titan,Queen of Pain
,Elder Titan,Lion
,Elder Titan,Pudge
,Elder Titan,Chaos Knight
,Ember Spirit,Doom
,Ember Spirit,Slardar
,Ember Spirit,Slark
,Ember Spirit,Lion
,Ember Spirit,Silencer
,Ember Spirit,Elder Titan
,Ember Spirit,Chaos Knight
,Ember Spirit,Mirana
,Ember Spirit,Jakiro
,Ember Spirit,Tiny
,Enchantress,Pudge
,Enchantress,Shadow Fiend
,Enchantress,Juggernaut
,Enchantress,Generic
,Enchantress,Keeper of the Light
,Enchantress,Wisp
,Enchantress,Tidehunter
,Enchantress,Abbadon
,Enchantress,Treant Protector
,Enchantress,Pugna
,Enigma,Beastmaster
,Enigma,Silencer
,Enigma,Rubick
,Enigma,Vengeful Spirit
,Enigma,Puck
,Enigma,Tidehunter
,Enigma,Wisp
,Enigma,Jakiro
,Enigma,Skeleton King
,Enigma,Abbadon
,Faceless Void,Omniknight
,Faceless Void,Invoker
,Faceless Void,Enigma
,Faceless Void,Sniper
,Faceless Void,Skeleton King
,Faceless Void,Jakiro
,Faceless Void,Troll Warlord
,Faceless Void,Treant Protector
,Faceless Void,Crystal Maiden
,Faceless Void,Invoker
,Gyrocopter,Clinkz
,Gyrocopter,Puck
,Gyrocopter,Chen
,Gyrocopter,Brewmaster
,Gyrocopter,Treant Protector
,Gyrocopter,Clinkz
,Gyrocopter,Clockwerk
,Gyrocopter,Legion Commander
,Gyrocopter,Ancient Apparition
,Gyrocopter,Skeleton King
,Huskar,Necrolyte
,Huskar,Undying
,Huskar,Windrunner
,Huskar,Windrunner
,Huskar,Troll Warlord
,Huskar,Jakiro
,Huskar,Lina
,Huskar,Keeper of the Light
,Huskar,Treant Protector
,Huskar,Bounty Hunter
,Invoker,Batrider
,Invoker,Templar Assassin
,Invoker,Bane Elemental
,Invoker,Outworld Destroyer
,Invoker,Doom Bringer
,Invoker,Enigma
,Invoker,Jakiro
,Invoker,Shadow Shaman
,Invoker,Windrunner
,Invoker,Jakiro
,Io,Anti-Mage
,Io,Dragon Knight
,Io,Undying
,Io,Death Prophet
,Io,Venomancer
,Io,Skeleton King
,Io,Luna
,Io,Keeper of the Light
,Io,Abbadon
,Io,Dazzle
,Jakiro,Naga Siren
,Jakiro,Undying
,Jakiro,Lone Druid
,Jakiro,Death Prophet
,Jakiro,Windrunner
,Jakiro,Skeleton King
,Jakiro,Keeper of the Light
,Jakiro,Luna
,Jakiro,Naga Siren
,Jakiro,Dazzle
,Juggernaut,Dazzle
,Juggernaut,Shadow Shaman
,Juggernaut,Skeleton King
,Juggernaut,Luna
,Juggernaut,Enchantress
,Juggernaut,Faceless Void
,Juggernaut,Templar Assassin
,Juggernaut,Death Prophet
,Juggernaut,Axe
,Juggernaut,Enigma
,Keeper of the Light,Naga Siren
,Keeper of the Light,Clockwerk
,Keeper of the Light,Luna
,Keeper of the Light,Templar Assassin
,Keeper of the Light,Puck
,Keeper of the Light,Ogre Magi
,Keeper of the Light,Undying
,Keeper of the Light,Naga Siren
,Keeper of the Light,Shadow Shaman
,Keeper of the Light,Troll Warlord
,Kunkka,Undying
,Kunkka,Luna
,Kunkka,Windrunner
,Kunkka,Razor
,Kunkka,Ancient Apparition
,Kunkka,Doom Bringer
,Kunkka,Crystal Maiden
,Kunkka,Skeleton King
,Kunkka,Razor
,Kunkka,Naga Siren
,Legion Commander,Abbadon
,Legion Commander,Dazzle
,Legion Commander,Spirit Breaker
,Legion Commander,Omniknight
,Legion Commander,Chaos Knight
,Legion Commander,Dragon Knight
,Legion Commander,Jakiro
,Legion Commander,Tidehunter
,Legion Commander,Tidehunter
,Legion Commander,Dark Seer
,Leshrac,Pugna
,Leshrac,Undying
,Leshrac,Jakiro
,Leshrac,Medusa
,Leshrac,Troll Warlord
,Leshrac,Keeper of the Light
,Leshrac,Keeper of the Light
,Leshrac,Razor
,Leshrac,Naga Siren
,Leshrac,Troll Warlord
,Lich,Tiny
,Lich,Pugna
,Lich,Shadow Shaman
,Lich,Clockwerk
,Lich,Razor
,Lich,Doom Bringer
,Lich,Undying
,Lich,Viper
,Lich,Clockwerk
,Lich,Enigma
,Lifestealer,Viper
,Lifestealer,Pugna
,Lifestealer,Meepo
,Lifestealer,Enchantress
,Lifestealer,Razor
,Lifestealer,Phantom Lancer
,Lifestealer,Phantom Lancer
,Lifestealer,Clinkz
,Lifestealer,Undying
,Lifestealer,Doom
,Lina,Undying
,Lina,Pugna
,Lina,Weaver
,Lina,Windrunner
,Lina,Enigma
,Lina,Tusk
,Lina,Razor
,Lina,Lifestealer
,Lina,Queen of Pain
,Lina,Luna
,Lion,Undying
,Lion,Death Prophet
,Lion,Skeleton King
,Lion,Luna
,Lion,Templar Assassin
,Lion,Wisp
,Lion,Batrider
,Lion,Queen of Pain
,Lion,Meepo
,Lion,Ember Spirit
,Lone Druid,Phantom Lancer
,Lone Druid,Tidehunter
,Lone Druid,Skeleton King
,Lone Druid,Jakiro
,Lone Druid,Dragon Knight
,Lone Druid,Windrunner
,Lone Druid,Razor
,Lone Druid,Visage
,Lone Druid,Luna
,Lone Druid,Shadow Shaman
,Luna,Dragon Knight
,Luna,Clinkz
,Luna,Visage
,Luna,Lion
,Luna,Lone Druid
,Luna,Meepo
,Luna,Tidehunter
,Luna,Naga Siren
,Luna,Witch Doctor
,Luna,Meepo
,Lycanthrope,Lone Druid
,Lycanthrope,Faceless Void
,Lycanthrope,Dragon Knight
,Lycanthrope,Lion
,Lycanthrope,Shadow Shaman
,Lycanthrope,Phantom Lancer
,Lycanthrope,Ancient Apparition
,Lycanthrope,Alchemist
,Lycanthrope,Axe
,Lycanthrope,Luna
,Magnus,Faceless Void
,Magnus,Batrider
,Magnus,Drow Ranger
,Magnus,Chen
,Magnus,Batrider
,Magnus,Lich
,Magnus,Lina
,Magnus,Bane Elemental
,Magnus,Ogre Magi
,Magnus,Medusa
,Medusa,Anti-Mage
,Medusa,Warlock
,Medusa,Death Prophet
,Medusa,Broodmother
,Medusa,Clinkz
,Medusa,Outworld Destroyer
,Medusa,Doom Bringer
,Medusa,Huskar
,Medusa,Shadow Fiend
,Medusa,Clinkz
,Meepo,Undying
,Meepo,Lina
,Meepo,Alchemist
,Meepo,Tiny
,Meepo,Medusa
,Meepo,Huskar
,Meepo,Disruptor
,Meepo,Ember Spirit
,Meepo,Queen of Pain
,Meepo,Earth Spirit
,Mirana,Riki
,Mirana,Visage
,Mirana,Lion
,Mirana,Zeus
,Mirana,Puck
,Mirana,Lone Druid
,Mirana,Meepo
,Mirana,Medusa
,Mirana,Riki
,Mirana,Jakiro
,Morphling,Lion
,Morphling,Shadow Shaman
,Morphling,Ancient Apparition
,Morphling,Jakiro
,Morphling,Faceless Void
,Morphling,Clinkz
,Morphling,Medusa
,Morphling,Faceless Void
,Morphling,Visage
,Morphling,Anti-Mage
,Naga Siren,Enigma
,Naga Siren,Tinker
,Naga Siren,Tinker
,Naga Siren,Shadow Shaman
,Naga Siren,Razor
,Naga Siren,Medusa
,Naga Siren,Outworld Destroyer
,Naga Siren,Medusa
,Naga Siren,Clinkz
,Naga Siren,Omniknight
,Nature's Prophet,Nyx Assassin
,Nature's Prophet,Disruptor
,Nature's Prophet,Sand King
,Nature's Prophet,Riki
,Nature's Prophet,Meepo
,Nature's Prophet,Leshrac
,Nature's Prophet,Faceless Void
,Nature's Prophet,Dragon Knight
,Nature's Prophet,Luna
,Nature's Prophet,Phantom Lancer
,Necrolyte,Outworld Destroyer
,Necrolyte,Visage
,Necrolyte,Pugna
,Necrolyte,Lion
,Necrolyte,Leshrac
,Necrolyte,Medusa
,Necrolyte,Alchemist
,Necrolyte,Faceless Void
,Necrolyte,Phantom Lancer
,Necrolyte,Luna
,Night Stalker,Queen of Pain
,Night Stalker,Batrider
,Night Stalker,Riki
,Night Stalker,Tinker
,Night Stalker,Juggernaut
,Night Stalker,Luna
,Night Stalker,Dark Seer
,Night Stalker,Faceless Void
,Night Stalker,Omniknight
,Night Stalker,Naga Siren
,Nyx Assassin,Faceless Void
,Nyx Assassin,Juggernaut
,Nyx Assassin,Phantom Lancer
,Nyx Assassin,Undying
,Nyx Assassin,Undying
,Nyx Assassin,Medusa
,Nyx Assassin,Windrunner
,Nyx Assassin,Shadow Shaman
,Nyx Assassin,Ember Spirit
,Nyx Assassin,Sand King
,Ogre Magi,Pugna
,Ogre Magi,Sand King
,Ogre Magi,Phantom Lancer
,Ogre Magi,Medusa
,Ogre Magi,Bounty Hunter
,Ogre Magi,Faceless Void
,Ogre Magi,Medusa
,Ogre Magi,Dragon Knight
,Ogre Magi,Brewmaster
,Ogre Magi,Luna
,Omniknight,Riki
,Omniknight,Doom Bringer
,Omniknight,Outworld Destroyer
,Omniknight,Phantom Lancer
,Omniknight,Pugna
,Omniknight,Phantom Lancer
,Omniknight,Nature's Prophet
,Omniknight,Faceless Void
,Omniknight,Death Prophet
,Omniknight,Puck
,Outworld Destroyer,Faceless Void
,Outworld Destroyer,Enigma
,Outworld Destroyer,Nyx Assassin
,Outworld Destroyer,Witch Doctor
,Outworld Destroyer,Witch Doctor
,Outworld Destroyer,Skywrath Mage
,Outworld Destroyer,Pugna
,Outworld Destroyer,Faceless Void
,Outworld Destroyer,Sand King
,Outworld Destroyer,Riki
,Phantom Assassin,Outworld Destroyer
,Phantom Assassin,Lion
,Phantom Assassin,Witch Doctor
,Phantom Assassin,Ogre Magi
,Phantom Assassin,Dragon Knight
,Phantom Assassin,Medusa
,Phantom Assassin,Outworld Destroyer
,Phantom Assassin,Sand King
,Phantom Assassin,Lina
,Phantom Assassin,Clockwerk
,Phantom Lancer,Sven
,Phantom Lancer,Storm Spirit
,Phantom Lancer,Centaur Warrunner
,Phantom Lancer,Slardar
,Phantom Lancer,Medusa
,Phantom Lancer,Ancient Apparition
,Phantom Lancer,Ember Spirit
,Phantom Lancer,Dragon Knight
,Phantom Lancer,Medusa
,Phantom Lancer,Ogre Magi
,Puck,Doom Bringer
,Puck,Silencer
,Puck,Centaur Warrunner
,Puck,Faceless Void
,Puck,Ogre Magi
,Puck,Ancient Apparition
,Puck,Dragon Knight
,Puck,Witch Doctor
,Puck,Broodmother
,Puck,Axe
,Pudge,Queen of Pain
,Pudge,Lycanthrope
,Pudge,Clockwerk
,Pudge,Storm Spirit
,Pudge,Bloodseeker
,Pudge,Omniknight
,Pudge,Dazzle
,Pudge,Nature's Prophet
,Pudge,Bane Elemental
,Pudge,Lycanthrope
,Pugna,Juggernaut
,Pugna,Centaur Warrunner
,Pugna,Silencer
,Pugna,Silencer
,Pugna,Chen
,Pugna,Faceless Void
,Pugna,Alchemist
,Pugna,Storm Spirit
,Pugna,Bristleback
,Pugna,Vengeful Spirit
,Queen of Pain,Beastmaster
,Queen of Pain,Nyx Assassin
,Queen of Pain,Templar Assassin
,Queen of Pain,Lion
,Queen of Pain,Night Stalker
,Queen of Pain,Shadow Shaman
,Queen of Pain,Medusa
,Queen of Pain,Chen
,Queen of Pain,Bane Elemental
,Queen of Pain,Juggernaut
,Razor,Dazzle
,Razor,Vengeful Spirit
,Razor,Sniper
,Razor,Medusa
,Razor,Omniknight
,Razor,Storm Spirit
,Razor,Nature's Prophet
,Razor,Luna
,Razor,Luna
,Razor,Doom
,Riki,Slardar
,Riki,Bounty Hunter
,Riki,Spirit Breaker
,Riki,Bristleback
,Riki,Bounty Hunter
,Riki,Batrider
,Riki,Centaur Warrunner
,Riki,Warlock
,Riki,Lion
,Riki,Vengeful Spirit
,Rubick,Juggernaut
,Rubick,Chaos Knight
,Rubick,Outworld Destroyer
,Rubick,Mirana
,Rubick,Medusa
,Rubick,Dazzle
,Rubick,Lion
,Rubick,Mirana
,Rubick,Faceless Void
,Rubick,Wisp
,Sand King,Juggernaut
,Sand King,Bounty Hunter
,Sand King,Silencer
,Sand King,Slardar
,Sand King,Enigma
,Sand King,Jakiro
,Sand King,Warlock
,Sand King,Tiny
,Sand King,Lion
,Sand King,Enigma
,Shadow Demon,Outworld Destroyer
,Shadow Demon,Sniper
,Shadow Demon,Drow Ranger
,Shadow Demon,Storm Spirit
,Shadow Demon,Medusa
,Shadow Demon,Queen of Pain
,Shadow Demon,Riki
,Shadow Demon,Outworld Destroyer
,Shadow Demon,Drow Ranger
,Shadow Demon,Warlock
,Shadow Fiend,Templar Assassin
,Shadow Fiend,Chen
,Shadow Fiend,Enchantress
,Shadow Fiend,Nature's Prophet
,Shadow Fiend,Gyrocopter
,Shadow Fiend,Broodmother
,Shadow Fiend,Bristleback
,Shadow Fiend,Queen of Pain
,Shadow Fiend,Phantom Assassin
,Shadow Fiend,Clinkz
,Shadow Shaman,Phantom Assassin
,Shadow Shaman,Centaur Warrunner
,Shadow Shaman,Chaos Knight
,Shadow Shaman,Zeus
,Shadow Shaman,Mirana
,Shadow Shaman,Drow Ranger
,Shadow Shaman,Broodmother
,Shadow Shaman,Io
,Shadow Shaman,Wisp
,Shadow Shaman,Drow Ranger
,Silencer,Chaos Knight
,Silencer,Clockwerk
,Silencer,Drow Ranger
,Silencer,Lycanthrope
,Silencer,Zeus
,Silencer,Queen of Pain
,Silencer,Broodmother
,Silencer,Io
,Silencer,Juggernaut
,Silencer,Skywrath Mage
,Skeleton King,Phantom Lancer
,Skeleton King,Anti-Mage
,Skeleton King,Dark Seer
,Skeleton King,Drow Ranger
,Skeleton King,Chaos Knight
,Skeleton King,Batrider
,Skeleton King,Alchemist
,Skeleton King,Mirana
,Skeleton King,Chaos Knight
,Skeleton King,Anti-Mage
,Skywrath Mage,Lina
,Skywrath Mage,Keeper of the Light
,Skywrath Mage,Sand King
,Skywrath Mage,Skeleton King
,Skywrath Mage,Omniknight
,Skywrath Mage,Axe
,Skywrath Mage,Ogre Magi
,Skywrath Mage,Tusk
,Skywrath Mage,Chaos Knight
,Skywrath Mage,Axe
,Slardar,Beastmaster
,Slardar,Brewmaster
,Slardar,Sven
,Slardar,Zeus
,Slardar,Drow Ranger
,Slardar,Juggernaut
,Slardar,Witch Doctor
,Slardar,Skywrath Mage
,Slardar,Witch Doctor
,Slardar,Chen
,Slark,Doom Bringer
,Slark,Ancient Apparition
,Slark,Slardar
,Slark,Morphling
,Slark,Ancient Apparition
,Slark,Lina
,Slark,Tiny
,Slark,Batrider
,Slark,Morphling
,Slark,Bane Elemental
,Sniper,Pudge
,Sniper,Nature's Prophet
,Sniper,Sand King
,Sniper,Brewmaster
,Sniper,Broodmother
,Sniper,Mirana
,Sniper,Brewmaster
,Sniper,Phantom Assassin
,Sniper,Bloodseeker
,Sniper,Batrider
,Spectre,Nature's Prophet
,Spectre,Juggernaut
,Spectre,Sven
,Spectre,Storm Spirit
,Spectre,Storm Spirit
,Spectre,Skywrath Mage
,Spectre,Sand King
,Spectre,Chaos Knight
,Spectre,Io
,Spectre,Outworld Destroyer
,Spirit Breaker,Vengeful Spirit
,Spirit Breaker,Sven
,Spirit Breaker,Zeus
,Spirit Breaker,Night Stalker
,Spirit Breaker,Centaur Warrunner
,Spirit Breaker,Mirana
,Spirit Breaker,Tinker
,Spirit Breaker,Tinker
,Spirit Breaker,Keeper of the Light
,Spirit Breaker,Legion Commander
,Storm Spirit,Anti-Mage
,Storm Spirit,Razor
,Storm Spirit,Templar Assassin
,Storm Spirit,Silencer
,Storm Spirit,Skywrath Mage
,Storm Spirit,Sven
,Storm Spirit,Mirana
,Storm Spirit,Warlock
,Storm Spirit,Io
,Storm Spirit,Centaur Warrunner
,Sven,Batrider
,Sven,Enigma
,Sven,Anti-Mage
,Sven,Shadow Demon
,Sven,Dark Seer
,Sven,Mirana
,Sven,Shadow Fiend
,Sven,Gyrocopter
,Sven,Lycanthrope
,Sven,Axe
,Templar Assassin,Gyrocopter
,Templar Assassin,Leshrac
,Templar Assassin,Shadow Demon
,Templar Assassin,Dark Seer
,Templar Assassin,Night Stalker
,Templar Assassin,Warlock
,Templar Assassin,Vengeful Spirit
,Templar Assassin,Skywrath Mage
,Templar Assassin,Nature's Prophet
,Templar Assassin,Shadow Demon
,Tidehunter,Weaver
,Tidehunter,Rubick
,Tidehunter,Drow Ranger
,Tidehunter,Dark Seer
,Tidehunter,Night Stalker
,Tidehunter,Mirana
,Tidehunter,Shadow Fiend
,Tidehunter,Warlock
,Tidehunter,Lone Druid
,Tidehunter,Juggernaut
,Timbersaw,Bane Elemental
,Timbersaw,Tiny
,Timbersaw,Outworld Destroyer
,Timbersaw,Bane Elemental
,Timbersaw,Disruptor
,Timbersaw,Naga Siren
,Timbersaw,Silencer
,Timbersaw,Naga Siren
,Timbersaw,Kunkka
,Timbersaw,Undying
,Tinker,Spectre
,Tinker,Spirit Breaker
,Tinker,Kunkka
,Tinker,Ursa
,Tinker,Night Stalker
,Tinker,Weaver
,Tinker,Sven
,Tinker,Leshrac
,Tinker,Night Stalker
,Tinker,Drow Ranger
,Tiny,Silencer
,Tiny,Puck
,Tiny,Leshrac
,Tiny,Queen of Pain
,Tiny,Weaver
,Tiny,Phantom Assassin
,Tiny,Bounty Hunter
,Tiny,Axe
,Tiny,Night Stalker
,Tiny,Shadow Demon
,Treant Protector,Crystal Maiden
,Treant Protector,Puck
,Treant Protector,Drow Ranger
,Treant Protector,Weaver
,Treant Protector,Spirit Breaker
,Treant Protector,Ursa
,Treant Protector,Gyrocopter
,Treant Protector,Spectre
,Treant Protector,Kunkka
,Treant Protector,Lone Druid
,Troll Warlord,Earthshaker
,Troll Warlord,Naga Siren
,Troll Warlord,Shadow Demon
,Troll Warlord,Shadow Shaman
,Troll Warlord,Bloodseeker
,Troll Warlord,Sven
,Troll Warlord,Naga Siren
,Troll Warlord,Doom Bringer
,Troll Warlord,Broodmother
,Troll Warlord,Clinkz
,Tusk,Templar Assassin
,Tusk,Earthshaker
,Tusk,Gyrocopter
,Tusk,Kunkka
,Tusk,Gyrocopter
,Tusk,Clinkz
,Tusk,Keeper of the Light
,Tusk,Naga Siren
,Tusk,Dark Seer
,Tusk,Invoker
,Undying,Luna
,Undying,Gyrocopter
,Undying,Shadow Fiend
,Undying,Sven
,Undying,Shadow Demon
,Undying,Weaver
,Undying,Tiny
,Undying,Leshrac
,Undying,Phantom Assassin
,Undying,Leshrac
,Ursa,Broodmother
,Ursa,Shadow Demon
,Ursa,Viper
,Ursa,Weaver
,Ursa,Lion
,Ursa,Spectre
,Ursa,Alchemist
,Ursa,Drow Ranger
,Ursa,Shadow Demon
,Vengeful Spirit,Spectre
,Vengeful Spirit,Crystal Maiden
,Vengeful Spirit,Puck
,Vengeful Spirit,Ursa
,Vengeful Spirit,Shadow Demon
,Vengeful Spirit,Chaos Knight
,Vengeful Spirit,Phantom Assassin
,Vengeful Spirit,Ursa
,Vengeful Spirit,Nyx Assassin
,Vengeful Spirit,Gyrocopter
,Venomancer,Ursa
,Venomancer,Kunkka
,Venomancer,Tinker
,Venomancer,Sand King
,Venomancer,Chaos Knight
,Venomancer,Anti-Mage
,Venomancer,Weaver
,Venomancer,Ancient Apparition
,Venomancer,Bounty Hunter
,Venomancer,Brewmaster
,Viper,Weaver
,Viper,Kunkka
,Viper,Spectre
,Viper,Chaos Knight
,Viper,Gyrocopter
,Viper,Generic
,Viper,Weaver
,Viper,Tinker
,Viper,Gyrocopter
,Viper,Dark Seer
,Visage,Chaos Knight
,Visage,Pugna
,Visage,Phantom Lancer
,Visage,Kunkka
,Visage,Ursa
,Visage,Weaver
,Visage,Bristleback
,Visage,Tinker
,Visage,Medusa
,Visage,Elder Titan
,Warlock,Sniper
,Warlock,Chaos Knight
,Warlock,Silencer
,Warlock,Gyrocopter
,Warlock,Clinkz
,Warlock,Magnus
,Warlock,Clinkz
,Warlock,Slark
,Warlock,Chen
,Warlock,Gyrocopter
,Weaver,Crystal Maiden
,Weaver,Drow Ranger
,Weaver,Magnus
,Weaver,Bane Elemental
,Weaver,Clockwerk
,Weaver,Chen
,Weaver,Axe
,Weaver,Spectre
,Weaver,Alchemist
,Weaver,Axe
,Windrunner,Queen of Pain
,Windrunner,Venomancer
,Windrunner,Pudge
,Windrunner,Magnus
,Windrunner,Chen
,Windrunner,Ursa
,Windrunner,Tinker
,Windrunner,Tinker
,Windrunner,Magnus
,Windrunner,Venomancer
,Witch Doctor,Slark
,Witch Doctor,Morphling
,Witch Doctor,Queen of Pain
,Witch Doctor,Generic
,Witch Doctor,Venomancer
,Witch Doctor,Lone Druid
,Witch Doctor,Generic
,Witch Doctor,Batrider
,Witch Doctor,Weaver
,Witch Doctor,Gyrocopter
,Zeus,Storm Spirit
,Zeus,Lycanthrope
,Zeus,Faceless Void
,Zeus,Magnus
,Zeus,Venomancer
,Zeus,Nyx Assassin
,Zeus,Ursa
,Zeus,Slark
,Zeus,Axe
,Zeus,Magnus

